country,decade_half,gdp_per_capita,ocean_access,education,technology,institutions
Afghanistan,first_half,-1.6056235525629652,0,-1.4148929028653474,-0.7751673342236315,-1.81771855705293
Afghanistan,second_half,-1.7146855146883708,0,-1.3900707943389672,-0.7751673342236315,-1.5535345701269105
Albania,first_half,-0.2593083409887537,1,0.5983390553245713,-0.3162360122387316,-0.3174246881710112
Albania,second_half,-0.21831958480058758,1,0.4934852405814183,-0.3162360122387316,-0.06727382976699546
Algeria,first_half,-0.1267699021119794,1,-0.03019928577807294,-0.3162360122387316,-0.3758666251650683
Algeria,second_half,-0.3043592223263377,1,0.1572491971075461,-0.420476597186176,-0.40959037089093814
American Samoa,first_half,0.36952662066306263,1,-0.032992618491512006,-0.3162360122387316,0.5190000983066434
American Samoa,second_half,0.41143465046564476,1,-0.032992618491512006,-0.3162360122387316,0.5849831814822035
Andorra,first_half,1.2620566813622516,1,0.6833249391032477,0.3984735933816878,1.614407180394215
Andorra,second_half,1.231387032470723,1,0.6833249391032477,0.3984735933816878,1.953539014314888
Angola,first_half,-0.2006075218456324,1,-1.5398763268435784,-1.5798614856945692,-1.128774241431502
Angola,second_half,-0.4003408472896285,1,-1.4780438242209581,-1.765507770705022,-1.190282143259509
Antigua and Barbuda,first_half,0.4902496005534779,1,-0.14925194690593216,-0.3162360122387316,0.4156493162139826
Antigua and Barbuda,second_half,0.6157771230370029,1,0.512434736012748,0.3984735933816878,0.14388865253792246
Argentina,first_half,0.4477934653367875,1,0.8615575791331124,-0.11665462347252811,-0.23897794787208998
Argentina,second_half,0.4589332561232048,1,0.9935696808115771,-0.14667332969063732,-0.01821554785039981
Armenia,first_half,-0.3806431910814168,0,0.6775896473218423,-0.3162360122387316,-0.15386075290594095
Armenia,second_half,-0.3217113044058197,0,0.31546960601470037,-0.3162360122387316,-0.15343274477031366
Aruba,first_half,0.9378437331943326,1,-0.1543662261509794,0.3984735933816878,1.2209672435590135
Aruba,second_half,1.0336809974115868,1,-1.0691616349161643,0.3984735933816878,1.0117111345730838
Australia,first_half,1.552393038018455,1,0.33965170052840093,1.162175122779414,1.736834151703917
Australia,second_half,1.4598969479443908,1,1.3873139367115308,0.3984735933816878,1.6380931196012363
Austria,first_half,1.3993024475565907,0,0.919428870050521,1.183201799095766,1.4974194846649471
Austria,second_half,1.3682300230719953,0,0.8337577092667464,1.2400910968388659,1.5687074186966141
Azerbaijan,first_half,0.0849498630768179,0,-0.5045394995950704,-0.3162360122387316,-0.6552773973337778
Azerbaijan,second_half,-0.22432378558546567,0,0.041774097091716145,-0.3162360122387316,-0.4029105055730115
"Bahamas, The",first_half,1.029075454808181,1,-0.27212832538723547,0.3984735933816878,1.1639558629896745
"Bahamas, The",second_half,1.11054943592773,1,-0.8515492074840978,0.3984735933816878,0.9022428788954782
Bahrain,first_half,0.8815070879447594,1,0.41398488931118876,-0.8354522577586775,0.5123892597581637
Bahrain,second_half,0.8828624648383958,1,0.5342994746973301,0.3984735933816878,0.20678485249333867
Bangladesh,first_half,-1.3176643420876186,1,-1.0885183042185922,-0.4677933731726596,-0.7870836226007834
Bangladesh,second_half,-0.9665414737266274,1,-0.8675423613916413,-0.4677933731726596,-0.7699819932749266
Barbados,first_half,0.6409574401550955,1,0.987903613334173,0.3984735933816878,1.4672128159182947
Barbados,second_half,0.681066881906516,1,1.1874225630751776,0.3984735933816878,0.9946447213180072
Belarus,first_half,0.07556344176207178,0,1.4570035192003696,-0.3162360122387316,-0.7125714098956504
Belarus,second_half,-0.04438150169452336,0,1.2946915485866275,-0.3162360122387316,-0.1437630473663865
Belgium,first_half,1.3465989648709629,1,1.102282582545596,1.0380110780364937,1.6145184198705245
Belgium,second_half,1.3174091624232314,1,1.0374199231421684,1.1171190237629998,1.4838061259756505
Belize,first_half,-0.2371570075274488,1,-0.5298016930386611,-0.3162360122387316,-0.39549582122957927
Belize,second_half,-0.1743714720593324,1,-0.5781421039713912,-0.3162360122387316,-0.630471653076928
Benin,first_half,-1.1544128969272762,1,-1.1477422598517528,-0.4677933731726596,-0.3315071537529322
Benin,second_half,-1.1643415103519177,1,-1.3032784770224757,-0.4677933731726596,-0.31376708055192987
Bermuda,first_half,1.8679422420793235,1,-0.4001652157602314,0.6362591911175128,1.0408659634231383
Bermuda,second_half,1.9385517560825232,1,-0.8095438936103854,0.6362591911175128,1.353545658447908
Bhutan,first_half,-0.6380795184200975,1,-1.1433984236084684,-0.4677933731726596,0.7919466244393264
Bhutan,second_half,-0.4902022373664625,1,-0.9071675137250643,-0.3162360122387316,0.8440288944048782
Bolivia,first_half,-0.6234455294576908,0,-0.298255949610022,-1.1925569026443559,-0.37652469374398456
Bolivia,second_half,-0.4462962597311596,0,-0.20396694856942532,-0.3162360122387316,-0.4830864688437009
Bosnia and Herzegovina,first_half,-0.16652695243393859,1,0.41636794841708397,-1.0657029255333317,-0.24841069448224273
Bosnia and Herzegovina,second_half,-0.1081856686940865,1,0.16934524621479807,-0.7812904561067762,-0.31873429789361085
Botswana,first_half,0.07884179631975208,0,-0.3862556636381201,-1.1586874482379947,0.7754331526386303
Botswana,second_half,0.07073595029979524,0,-0.5443104893726323,-0.3162360122387316,0.7408861014161081
Brazil,first_half,0.4447836261085925,1,0.24830278080637505,-0.40212698526301904,0.028498366127376273
Brazil,second_half,0.24197307366616466,1,0.23792341320136312,-0.3162360122387316,-0.19569764841565862
Brunei Darussalam,first_half,1.3000897388019521,1,0.21383703790540404,0.3984735933816878,0.8874263122094966
Brunei Darussalam,second_half,1.0513555449774268,1,-0.037832044816223154,0.3984735933816878,1.0986064492601264
Bulgaria,first_half,0.11420085066516523,1,0.755452254169847,0.1346873817781425,0.07845451177737167
Bulgaria,second_half,0.18822978681939506,1,0.7928091704949212,0.3083301909394851,0.16412732634188032
Burkina Faso,first_half,-1.4594942199481395,0,-1.6578584047970315,-1.5793480891219784,-0.3434714594731547
Burkina Faso,second_half,-1.4709716324100512,0,-1.6887581314819993,-0.4677933731726596,-0.2858950826077521
Burundi,first_half,-2.1940342424770067,0,-1.6957908018893064,-1.7609877391916262,-1.1850172596331625
Burundi,second_half,-2.1865137666754584,0,-1.7768477937437224,-1.7250408199166705,-1.3184811879808689
Cabo Verde,first_half,-0.39736447118162926,1,-0.5214810776957015,-1.4308318245430869,0.48351897533237037
Cabo Verde,second_half,-0.4415621578986609,1,-0.5765933637364002,-0.3162360122387316,0.5283120398576178
Cambodia,first_half,-1.3024649998727165,1,-0.8238929314348113,-0.4677933731726596,-0.9993139374727503
Cambodia,second_half,-1.0384937346712837,1,-1.1687999411865246,-1.6733458276932693,-0.9304257912760077
Cameroon,first_half,-0.9985487926704641,1,-1.193909262436942,-0.4677933731726596,-0.8410352071084324
Cameroon,second_half,-0.995347204436192,1,-1.2790944944477354,-0.4677933731726596,-0.8256681452622862
Canada,first_half,1.4176263179495592,1,0.9439308766619017,1.191076486093702,1.7919662679122679
Canada,second_half,1.3264826862046981,1,1.0607137704952347,1.0166418452288486,1.798772219225603
Cayman Islands,first_half,1.6629345201834531,1,-0.24908502492533763,0.6362591911175128,1.3745484764605835
Cayman Islands,second_half,1.7431380772219636,1,-0.5726905073882188,0.6362591911175128,1.3745484764605835
Central African Republic,first_half,-1.7637682799651297,0,-1.7503576777741854,-0.7751673342236315,-1.1971538119742604
Central African Republic,second_half,-1.8289636736597625,0,-1.7646988449699643,-0.7751673342236315,-1.3841817386891604
Chad,first_half,-1.281809043402262,0,-1.7500570277784304,-0.4677933731726596,-1.3406819045500828
Chad,second_half,-1.48956128931448,0,-1.8638282339690146,-1.5235495419889902,-1.384848878169685
Chile,first_half,0.5654845270829421,1,0.8777961754359378,-0.8428653514282598,1.340929413537626
Chile,second_half,0.5627959528973102,1,0.9536558330085682,-0.7285139424983302,1.1728853222986513
China,first_half,-0.026497956402412974,1,-0.10342525978042379,-0.23808830745692405,0.020814964964371928
China,second_half,0.2315438820561301,1,0.2645473498156164,-0.1519499766688249,0.22018283756658727
Colombia,first_half,0.11798802354783237,1,0.11913964453052495,-1.5284116872671172,-0.08885389322602635
Colombia,second_half,-0.0064825821646065235,1,0.11021056778387919,-1.4284450285593193,-0.08773140595754812
Comoros,first_half,-1.0137253614146071,1,-1.3400463782020933,-0.4677933731726596,-1.1950915250806926
Comoros,second_half,-1.0646790895675609,1,-1.3794493175261233,-0.4677933731726596,-1.2200561605602214
"Congo, Dem. Rep.",first_half,-1.8588347197220156,1,-1.2491461924712046,-0.7751673342236315,-1.3681832453155942
"Congo, Dem. Rep.",second_half,-1.7133367113022622,1,-1.6530161863497608,-1.858933703609646,-1.4197090868443847
"Congo, Rep.",first_half,-0.3828012185014443,1,-1.1357876041545898,-0.3162360122387316,-1.0705292828452493
"Congo, Rep.",second_half,-0.6869769967955547,1,-1.2279827435764663,-0.4677933731726596,-1.2143078427166245
Costa Rica,first_half,0.2912671400936732,1,0.18331311979464437,-0.7880748619722535,0.6452397444703011
Costa Rica,second_half,0.44251505850194295,1,0.2761832656832845,-0.7831358796033071,0.7961381102782695
Cote d'Ivoire,first_half,-0.8461738027164143,1,-1.5108216664680123,-0.4677933731726596,-0.6166692063510025
Cote d'Ivoire,second_half,-0.744273485932023,1,-1.5053767149827282,-0.4677933731726596,-0.33616330113721116
Croatia,first_half,0.5337611683138077,1,1.0033455073414395,0.09511421807654108,0.5271461837700603
Croatia,second_half,0.518918600767232,1,0.8186391999939513,0.14070639011641325,0.499432201195007
Cuba,first_half,0.008373789100130511,1,0.7685367107151027,-0.3162360122387316,0.01365862666376741
Cuba,second_half,0.19095230736551033,1,0.0960471189309868,-0.3162360122387316,0.12759165871017603
Cyprus,first_half,1.0400934094654573,1,0.7293585712029451,-0.20243484954640784,1.2646307398327468
Cyprus,second_half,0.9705667124945654,1,1.0126149642780171,-0.20918844593931407,0.9362458608789266
Czech Republic,first_half,0.7896388488423864,0,0.8281638006558585,0.7339125046637724,0.7212137083276965
Czech Republic,second_half,0.8013847149303436,0,0.7160296131808246,0.8148440183377892,0.9336354597632145
Denmark,first_half,1.5302206833838894,1,1.0675231874207234,1.7314349588428541,2.0538374663538725
Denmark,second_half,1.494530018232806,1,0.9116046396476625,1.7356378349122685,1.9762889271951902
Djibouti,first_half,-0.8715824586130175,1,-1.5353110478755125,-0.4677933731726596,-0.6117325332709369
Djibouti,second_half,-0.5179795814664893,1,-1.5595666566954636,-0.4677933731726596,-0.7039603666059807
Dominica,first_half,0.06823958753152418,1,-0.346857219771315,-0.3162360122387316,0.7065461061989762
Dominica,second_half,0.13955590462257147,1,0.2949766621148131,-0.3162360122387316,0.3609130936253884
Dominican Republic,first_half,-0.03219018269296606,1,-0.12654641386916876,-0.3162360122387316,-0.5076695745030344
Dominican Republic,second_half,0.12130412943121738,1,-0.07271516116555979,-0.3162360122387316,-0.45052374584953625
Ecuador,first_half,-0.0931283803563079,1,0.06431799566882236,-1.0056799061483748,-0.45196594840020576
Ecuador,second_half,-0.020248968485514975,1,0.2625940199738044,-0.3162360122387316,-0.3721794606513198
"Egypt, Arab Rep.",first_half,-0.5014527680858858,1,-0.13498088461859048,-0.6304809874445317,-0.5110861537668931
"Egypt, Arab Rep.",second_half,-0.516916900592463,1,-0.039108531912386134,-0.5331474473055464,-0.4547129000143823
El Salvador,first_half,-0.4375486557916581,1,-0.4929568723939389,-0.3162360122387316,-0.06945080355507086
El Salvador,second_half,-0.32941090758344577,1,-0.6702166153029142,-1.4892974716813698,-0.2948214197626514
Equatorial Guinea,first_half,0.7789936259248161,1,0.6833249391032477,0.3984735933816878,-1.4354462508113475
Equatorial Guinea,second_half,0.28478334156310303,1,-0.032992618491512006,-0.3162360122387316,-1.4986086804838727
Eritrea,first_half,-1.6450502846731463,1,-1.4881515763726267,-0.7751673342236315,-1.3194457043624395
Estonia,first_half,0.6938333344724492,1,1.0475524707451118,0.8069615805607785,1.1332019464481178
Estonia,second_half,0.7905439479141138,1,0.9533329900098795,0.7493692128836718,1.297188281435355
Eswatini,first_half,-0.26918803751777043,0,-1.4239303018159533,-0.3162360122387316,-0.2774988647276442
Eswatini,second_half,-0.3512396237030008,0,-1.4913755526287045,-1.252789312659895,-0.3784549828684387
Ethiopia,first_half,-1.822239281187001,1,-1.4599910012040533,-1.6018284111671615,-0.4203442661870691
Ethiopia,second_half,-1.4578635836188365,1,-1.5205238811456843,-1.3991637843771891,-0.46588919101553833
Fiji,first_half,-0.22615834340021213,1,0.4116928784019041,-0.3162360122387316,-0.6701371080239378
Fiji,second_half,-0.05016371949560361,1,0.38511649938001724,-0.3162360122387316,0.04732185016103211
Finland,first_half,1.388783310511872,1,1.3832437501593366,1.7913683924422288,2.12344821526164
Finland,second_half,1.3482467102965043,1,1.2365586411179346,1.5326742015029036,2.005587520369059
France,first_half,1.2858891792378382,1,0.9257726321374959,1.0319640240890058,1.404933859340321
France,second_half,1.2302855346241273,1,0.8781332533267505,1.0400987824314296,1.4083646649591586
Gabon,first_half,0.28924337918800636,1,-0.032992618491512006,-0.3162360122387316,-0.5134655185655956
Gabon,second_half,0.10721573947221393,1,-0.7851887561096709,-0.3162360122387316,-0.6197430550750522
"Gambia, The",first_half,-1.473691937925783,1,-1.7496828908714468,-1.67527199360851,-0.5824675508601884
"Gambia, The",second_half,-1.4964662983311858,1,-0.9515142317861653,-1.5465000893246843,-0.6033675429583858
Georgia,first_half,-0.2883062480578388,1,0.43657447988871034,-0.40037052895134306,0.5367051318899911
Georgia,second_half,-0.257822477837634,1,0.7146449595568267,-0.08334205079706983,0.6949339255281304
Germany,first_half,1.3331594448555186,1,0.7812388642865344,1.0881683140500895,1.6195903855907194
Germany,second_half,1.321334472681458,1,0.6101462683890053,1.1556411824182724,1.7193673248818078
Ghana,first_half,-0.8895327851444721,1,-1.066234201140507,-1.6343257631816108,0.11806895406716912
Ghana,second_half,-0.7688724073469687,1,-1.074006023223407,-1.4038760740028366,-0.018908999566052943
Greece,first_half,0.8849693824117008,1,1.5753194280702711,0.5285278929108341,0.19379021857588935
Greece,second_half,0.7316027734149875,1,1.6216080655256064,0.67493304518391,0.2979688878534824
Greenland,first_half,1.3594579784426482,1,0.6833249391032477,0.3984735933816878,1.0233514602945415
Greenland,second_half,1.4023347227100806,1,0.6833249391032477,0.3984735933816878,0.8939867254853613
Grenada,first_half,0.12193355838274807,1,0.8163328910544021,-0.3162360122387316,0.19366351716864863
Grenada,second_half,0.30792938093104016,1,1.1805600587545335,-0.3162360122387316,0.24578034880012473
Guam,first_half,1.112946848840663,1,0.6833249391032477,0.3984735933816878,0.1004850216891526
Guam,second_half,1.190372087308282,1,0.6833249391032477,0.3984735933816878,0.36384306175829007
Guatemala,first_half,-0.44062501263481535,1,-1.0435835749319868,-1.7456483359830304,-0.5926099588676514
Guatemala,second_half,-0.2607756810513907,1,-1.095895713868901,-1.778954696091521,-0.6987320674128228
Guinea,first_half,-1.4856237716912803,1,-1.3523880526730259,-0.4677933731726596,-1.0507927845379406
Guinea,second_half,-1.3575686413004087,1,-1.5016855250794332,-0.4677933731726596,-0.8696353851895205
Guinea-Bissau,first_half,-1.578888732957506,1,-1.4150605402093306,-0.7751673342236315,-1.2140153092395451
Guinea-Bissau,second_half,-1.495047760208555,1,-0.9515142317861653,-0.4677933731726596,-1.5735371672514085
Guyana,first_half,-0.14584643694461225,1,-0.294238788002807,-0.3162360122387316,-0.38777818650049223
Guyana,second_half,-0.035724499863502304,1,-0.032992618491512006,-0.3162360122387316,-0.2741293619877326
Haiti,first_half,-1.063715504184149,1,-0.9515142317861653,-0.4677933731726596,-1.5155898233229195
Haiti,second_half,-1.0474440708729251,1,-0.9515142317861653,-0.4677933731726596,-1.6751543118755283
Honduras,first_half,-0.7639911052490855,1,-1.0360286694712026,-0.4677933731726596,-0.6885169373859801
Honduras,second_half,-0.6590960227660358,1,-1.0783812522218883,-1.6894047722817906,-0.6443405502286685
"Hong Kong SAR, China",first_half,1.1883124819364892,1,0.6977431784547701,0.7943896979585532,1.6592350216290963
"Hong Kong SAR, China",second_half,1.3418695848603137,1,0.9368953263732616,0.8476188162782452,1.7559929426421124
Hungary,first_half,0.5202722810020879,0,0.7838597561728717,0.4902923289329171,0.6814249389829239
Hungary,second_half,0.5657686105963825,0,0.45348094448555004,0.5581714471131649,0.445362650009661
Iceland,first_half,1.3757512554282503,1,0.9922700310715004,1.5756748379575358,1.6257950819752955
Iceland,second_half,1.5864668608768309,1,0.8366889793740595,1.385762895402572,1.581298063010638
India,first_half,-1.0045594209574453,1,-0.6613824437522968,-1.210526462130115,-0.12937556190461827
India,second_half,-0.8323724464473863,1,-0.5028620018628992,-1.0643727897286794,0.08303126215737433
Indonesia,first_half,-0.4056934171796732,1,-0.2656599914928815,-0.3162360122387316,-0.28958601626745323
Indonesia,second_half,-0.3619243625742022,1,-0.18346216280413477,-1.1216451538661167,-0.03741667452636105
"Iran, Islamic Rep.",first_half,0.036260932645997966,1,0.3304314086695037,-0.47017639743824624,-0.6326097701837072
"Iran, Islamic Rep.",second_half,-0.2563004711639564,1,0.40075439606461594,-0.2127374362432141,-0.504322345202944
Iraq,first_half,-0.020156026369639736,1,-0.032992618491512006,-0.991215670648742,-1.3160153336053895
Iraq,second_half,-0.1394189162792781,1,-0.032992618491512006,-1.4175694776274268,-1.371277013287231
Ireland,first_half,1.4193095210394617,1,1.2797867411660504,1.0938938686682471,1.4617594690191056
Ireland,second_half,1.6349856129770668,1,1.205248954856581,1.225543550401038,1.4709304763143836
Israel,first_half,1.1438391108419332,1,1.3013663193822382,0.3984735933816878,1.137077821589171
Israel,second_half,1.2478574711484107,1,1.0463363912742643,0.3984735933816878,1.1971050901779665
Italy,first_half,1.180683800587918,1,1.098905206825152,0.24588844980370267,0.3177044716046901
Italy,second_half,1.1047451447760994,1,0.8814599283214444,0.33105447719899095,0.5019855832395761
Jamaica,first_half,-0.1692799937194955,1,-0.2556346469936164,-0.3162360122387316,0.022861079969395237
Jamaica,second_half,-0.15049944391513795,1,-0.4627490645180671,-0.3162360122387316,0.28491104355195634
Japan,first_half,1.318677809374794,1,0.6833249391032477,1.3161525476273601,1.556138577100116
Japan,second_half,1.2278117938357629,1,0.6753428132893596,1.2212869711199004,1.6166824876156864
Jordan,first_half,-0.32807071566115403,1,-0.11722688792532841,-0.3162360122387316,0.21913394129417638
Jordan,second_half,-0.2743204899810091,1,-0.572821593685486,-0.7525108233066953,0.30178552335826025
Kazakhstan,first_half,0.4217061572370703,0,0.841205956069954,-0.6076089571930459,-0.5314720997671215
Kazakhstan,second_half,0.26256299915075965,0,0.9085498185002571,-0.5171497952488242,-0.2606162824480431
Kenya,first_half,-1.1122827725605062,1,-0.9515142317861653,-1.0713723254873395,-0.6327972852648203
Kenya,second_half,-0.9157870016402866,1,-1.3636904605280677,-0.4677933731726596,-0.5599812413292377
Kiribati,first_half,-0.9079070262172252,1,-0.9515142317861653,-0.4677933731726596,-0.7254724024446829
Kiribati,second_half,-0.9321727658841731,1,-0.9515142317861653,-0.4677933731726596,-0.294747149070184
"Korea, Rep.",first_half,0.9552407523257415,1,1.5722949755923683,1.5382449025689688,0.9777798685960701
"Korea, Rep.",second_half,1.0755406784373647,1,1.4025352976554963,1.6547473750550887,0.9659417364012859
Kosovo,first_half,-0.4072885148455418,0,-0.032992618491512006,-0.3162360122387316,-0.38251867047380117
Kosovo,second_half,-0.31606335392451224,0,-0.032992618491512006,-0.3162360122387316,-0.29651537735463607
Kuwait,first_half,1.3492038049935977,1,0.5363253549914391,-1.0910263498711634,0.09559184812560542
Kuwait,second_half,1.0665149203719837,1,0.4415883064426643,-0.7390609614110557,0.01787361019196595
Kyrgyz Republic,first_half,-1.1714865729438686,0,0.23176098393537745,-0.4677933731726596,-0.7808075518530418
Kyrgyz Republic,second_half,-1.1192791770208443,0,0.12371936042266565,-0.4677933731726596,-0.7027262986177103
Lao PDR,first_half,-0.9589682626766602,0,-1.0387070291497351,-0.4677933731726596,-0.8385336772736673
Lao PDR,second_half,-0.6589079664169051,0,-1.0327383348586163,-0.4677933731726596,-0.6095205780475896
Latvia,first_half,0.5252563420244656,1,1.0177355299492126,0.24417865734600452,0.7231559160209502
Latvia,second_half,0.6187102243149791,1,1.100200299095832,0.12360612637005544,0.9453144927265036
Lebanon,first_half,0.13793445465890747,1,-0.032992618491512006,-0.3162360122387316,-0.49014191007923225
Lebanon,second_half,0.1337174712474639,1,-0.032992618491512006,-0.3162360122387316,-0.6550908372834452
Lesotho,first_half,-1.1366056745974888,0,-1.286331654325433,-1.9594735736279445,0.0025835904623674744
Lesotho,second_half,-1.1866903998794018,0,-1.4345449683711773,-1.7195657886851554,-0.3628257745601483
Liberia,first_half,-1.5546126287763198,1,-1.4169551153737805,-0.7751673342236315,-0.6740238244983614
Liberia,second_half,-1.4899630508449602,1,-1.756638508455915,-0.4677933731726596,-0.8656501037827016
Libya,first_half,0.23392077469204006,1,-0.032992618491512006,-0.3162360122387316,-1.4057555416369771
Libya,second_half,-0.07367774551390242,1,-0.032992618491512006,-0.3162360122387316,-1.7020306137225445
Liechtenstein,first_half,2.190740093489788,1,0.600704528595338,0.6362591911175128,1.8149518414309902
Liechtenstein,second_half,2.242393634713454,1,0.2578532551342714,0.6362591911175128,1.7829658139079398
Lithuania,first_half,0.5604521815365702,1,1.3859988553753984,0.6339135000863554,0.8117959459450046
Lithuania,second_half,0.6612479753279004,1,1.1185163824176314,0.6104110060247832,1.01267142730061
Luxembourg,first_half,1.9805412853014936,1,-0.04828991207468358,1.2438836908683846,1.7230750361287634
Luxembourg,second_half,1.940974844375805,1,-0.30096610539207663,1.1049233607410887,1.7897185692467112
"Macao SAR, China",first_half,1.669365708119832,1,0.25851088384698107,-0.40847008179938427,1.3112958556275331
"Macao SAR, China",second_half,1.7251863866987704,1,0.6857200575540334,0.45936109773115236,1.3361650573855473
Madagascar,first_half,-1.707135357550874,1,-1.6228740324707376,-1.5595158835743743,-0.6162484753829438
Madagascar,second_half,-1.7306241378221714,1,-1.7271996471115618,-1.6785322849368165,-0.9086734417926948
Malawi,first_half,-1.850931244228588,0,-1.8610683326288724,-1.5648857752652792,-0.35042620198627233
Malawi,second_half,-1.794709198048535,0,-1.992927719614265,-0.7751673342236315,-0.5984031563641484
Malaysia,first_half,0.338632306704342,1,-0.034737595324986964,0.18777273396638597,0.787903628830461
Malaysia,second_half,0.34306073272057336,1,-0.13228897878932955,0.3591854940186845,0.7221220571550755
Maldives,first_half,0.11967328497093128,1,-0.8999287731315045,-0.3162360122387316,-0.25183889706428575
Maldives,second_half,0.2871443487529909,1,-0.30194968439385694,-0.3162360122387316,-0.39560155599724267
Mali,first_half,-1.4163038196625188,0,-1.516485999762652,-1.691725777382639,-0.705000591643179
Mali,second_half,-1.3902701423618766,0,-1.7013671808612596,-1.6634023595353602,-0.7214111873652287
Malta,first_half,0.8950159875330825,1,0.4435175303550777,0.2091865660598046,0.9896938167562676
Malta,second_half,1.0039377770765352,1,0.5782227233574067,0.24012279759795294,0.866675600445078
Marshall Islands,first_half,-0.4904301643013082,1,-0.37525580727393476,-0.3162360122387316,-1.4446811858114135
Marshall Islands,second_half,-0.3817777308926068,1,-0.8517383243775507,-0.3162360122387316,-1.5037070861725372
Mauritania,first_half,-0.8706778426573274,1,-1.623676944897426,-0.4677933731726596,-0.7471347235676595
Mauritania,second_half,-0.9355614177030127,1,-1.723036691876727,-0.4677933731726596,-0.7168062851912016
Mauritius,first_half,0.25217616330219206,1,0.15083566625409933,-1.1519771770110414,0.8238853458655268
Mauritius,second_half,0.32815196985979184,1,0.14195801441608907,-0.7356520601104903,0.7850015090730396
Mexico,first_half,0.32418788646772223,1,-0.2410265938695257,-0.9577739012730688,-0.005021079648846155
Mexico,second_half,0.26824868684344466,1,-0.013544801639768397,-0.9603528025991525,-0.290692396305916
"Micronesia, Fed. Sts.",first_half,-0.5128355633922872,1,-0.9515142317861653,-0.4677933731726596,-0.6275880492994788
"Micronesia, Fed. Sts.",second_half,-0.4554847905501723,1,-0.032992618491512006,-0.3162360122387316,-0.1545577166898325
Moldova,first_half,-0.5130599872838714,1,0.27019707980681235,-0.4251371514388386,-0.38461782023726376
Moldova,second_half,-0.4074565399528861,1,0.12084405814436225,-0.4954416262581092,-0.49229012223457375
Monaco,first_half,2.2276717769415306,1,0.33965170052840093,0.6362591911175128,1.3745484764605835
Monaco,second_half,2.2562272466074695,1,0.33965170052840093,0.6362591911175128,1.3745484764605835
Mongolia,first_half,-0.35272315164309515,0,0.800542300025425,-0.3162360122387316,-0.3311245565952246
Mongolia,second_half,-0.3257100623667104,0,0.7358325005277766,-0.3162360122387316,-0.19350590840744675
Montenegro,first_half,0.06672616327647769,1,0.6186066935911008,-0.5163240979821808,0.14699777382930096
Montenegro,second_half,0.13412145007090043,1,0.5634796024919067,-0.4789447328020652,0.21698980936107826
Morocco,first_half,-0.5086340430083007,1,-0.8776723569129772,-0.34581567299260096,-0.09293337717276524
Morocco,second_half,-0.5010090944808994,1,-0.5467992724859716,-0.24183932292861274,-0.07572121799264141
Mozambique,first_half,-1.5990375629027096,1,-1.6170795443696462,-1.6293450420333286,-0.5719345551899468
Mozambique,second_half,-1.7378835682472331,1,-1.6780698553396445,-1.5967749551596537,-0.8236216852031868
Myanmar,first_half,-1.2270458668662094,1,-1.1235516239437355,-0.4677933731726596,-1.4099604676422228
Myanmar,second_half,-1.1356563024908892,1,-0.9364719820273553,-1.6823456171167035,-0.9135230388566324
Namibia,first_half,-0.08801802387141341,1,-0.5542079402770105,-1.2270263624123263,0.4020839608493694
Namibia,second_half,-0.1554298700181252,1,-0.7240053845765079,-0.3162360122387316,0.5877563651736416
Nauru,first_half,0.13964303368628678,1,-0.34934621483520684,-0.3162360122387316,-0.5409232688245049
Nauru,second_half,0.31376193135776237,1,-0.464914809694591,-0.3162360122387316,-0.3330668219636189
Nepal,first_half,-1.4404177578706263,0,-0.767885972329724,-0.4677933731726596,-0.7602557673333924
Nepal,second_half,-1.235148030481907,0,-1.1334493224471247,-0.4677933731726596,-0.7441777729132276
Netherlands,first_half,1.4288071897181571,1,0.9342027523469818,1.0274930029528042,1.8007846067250597
Netherlands,second_half,1.3872981402307185,1,1.0489931387371079,1.1569893106397655,1.822438369565185
New Zealand,first_half,1.2454414553474287,1,1.252449172387948,0.9656506453966883,1.9707511585396733
New Zealand,second_half,1.275270367675174,1,1.161683164345749,1.2706028884247669,1.93614395331648
Nicaragua,first_half,-0.8879813957834978,1,-1.3532981762787963,-0.4677933731726596,-0.7679550402016955
Nicaragua,second_half,-0.7713026285375496,1,-0.9515142317861653,-0.4677933731726596,-0.8141210902999186
Niger,first_half,-1.696338326025519,0,-1.8298405311136223,-1.714016905543407,-0.49373846756433837
Niger,second_half,-1.6988681230077014,0,-1.831402190578039,-0.7751673342236315,-0.5288276118240924
Nigeria,first_half,-0.5855296072641872,1,-1.0998991006378191,-0.4677933731726596,-0.9361183431679005
Nigeria,second_half,-0.721903795868412,1,-0.9515142317861653,-0.4677933731726596,-0.9058695286648537
North Macedonia,first_half,-0.16240205466779495,0,0.1766185858221472,-0.5586664847841467,0.0944075672240351
North Macedonia,second_half,-0.09912930256200932,0,0.03499572491460267,-0.4283059507553887,-0.00969694738929723
Norway,first_half,1.8582441263143221,1,1.234799875146515,1.4108219183069255,1.902253989894985
Norway,second_half,1.6828377558990588,1,1.1373133976130378,1.4240681748204318,1.9371080683974091
Oman,first_half,0.8849551662347614,1,0.31020768438216084,-1.2084289726220183,0.30932519547565174
Oman,second_half,0.7000247440475664,1,0.5245020930688195,-1.0481936638811835,0.2968748776598559
Pakistan,first_half,-1.1597361818694492,1,-1.3884401104370188,-1.2245832985993939,-0.7276121097874684
Pakistan,second_half,-1.0355086429038707,1,-1.5036878302956742,-0.9478952637982824,-0.549698438669923
Palau,first_half,0.42507411304886294,1,0.6895060042156098,-0.3162360122387316,-0.5994573033408804
Palau,second_half,0.6251095825147216,1,0.6833249391032477,0.3984735933816878,-0.20353796184386966
Panama,first_half,0.3354612534800894,1,-0.13317489718014947,-1.524737705357277,0.02981965543211401
Panama,second_half,0.5766496982974563,1,-0.24891939914976785,0.3984735933816878,-0.005028108585461613
Papua New Guinea,first_half,-0.6272041172932447,1,-0.9515142317861653,-0.4677933731726596,-0.7790046115059538
Papua New Guinea,second_half,-0.584217216151074,1,-1.6357422691772097,-1.6400485830800324,-0.7102375836921317
Paraguay,first_half,-0.11889528448794637,1,-0.39251323402264016,-1.3229261113095627,-0.904177760629479
Paraguay,second_half,-0.0982221280839026,1,-0.032992618491512006,-1.2499010295544326,-0.6887466018169522
Peru,first_half,-0.024122691587146933,1,-0.0344568617817043,-0.3162360122387316,-0.12933726830685777
Peru,second_half,0.025898756819478556,1,0.5745215837261028,-0.3162360122387316,-0.19606909542075918
Philippines,first_half,-0.6033184531179455,1,-0.36784197628276,-1.2808863172077523,-0.044124398322356664
Philippines,second_half,-0.472038311531369,1,-0.47974092214454944,-1.3515908003405546,-0.11847040687468476
Poland,first_half,0.5109863007048483,1,0.9937293037941228,0.2244836826099489,0.8029261879956342
Poland,second_half,0.5333595452206636,1,0.8777183982461283,0.4856013808496047,0.8110214934112014
Portugal,first_half,0.8425869981018275,1,1.0290880287741317,0.9808380588264358,1.0268368416901048
Portugal,second_half,0.8257051159892386,1,0.8602410560379419,0.9505556378663649,1.0634110853424483
Puerto Rico,first_half,1.0029010552018707,1,0.7962066465640109,-0.9778660773730883,0.3965247376606448
Puerto Rico,second_half,1.0804412576773832,1,0.6952836599078992,-0.8885849947025408,0.11147754848419247
Qatar,first_half,1.7254684793156705,1,0.07261533305354129,-0.6225629769142491,1.1019067563403793
Qatar,second_half,1.5418870219612724,1,-1.0001179244785703,-0.6254675931891075,0.9504326441915661
Romania,first_half,0.23956073989863574,1,0.5436025325286331,-0.3164772351436844,0.07018712895875039
Romania,second_half,0.36025145170396977,1,0.24077616573663171,-0.36729584326861275,0.15322571363852716
Russian Federation,first_half,0.5339265351663288,1,1.1451191666182123,0.7320267951542555,-0.5272493450878265
Russian Federation,second_half,0.3232533773731518,1,0.9507954662697018,0.582256974631921,-0.3571956979359582
Rwanda,first_half,-1.5100115219375698,0,-1.3185395149973769,-1.8154653181045581,0.5548787556853473
Rwanda,second_half,-1.4340506305761114,0,-1.6309785049855179,-1.8171826264754354,0.6886946521537076
Samoa,first_half,-0.33462597407490263,1,0.2453373760963273,-0.3162360122387316,0.11725013204024068
Samoa,second_half,-0.2850852470122537,1,-0.3877739628422221,-0.3162360122387316,0.5837276416802323
San Marino,first_half,1.452171920128713,1,0.6833249391032477,0.3984735933816878,0.9779637739417942
San Marino,second_half,1.3401322816686214,1,-0.27185779638558316,0.3984735933816878,0.9779637739417942
Sao Tome and Principe,first_half,-1.0395558149702764,1,-1.317808518771949,-0.4677933731726596,0.09315230375189225
Sao Tome and Principe,second_half,-0.8592227186091751,1,-0.9163220174662288,-0.4677933731726596,0.24882669948931033
Saudi Arabia,first_half,0.8853273453923164,1,0.44784092306776857,0.3984735933816878,0.1705078842341957
Saudi Arabia,second_half,0.8280343713299905,1,0.8253068368089773,0.3984735933816878,0.39512653270543235
Senegal,first_half,-1.058376116296208,1,-1.1109108384328554,-0.8353582878373509,-0.2287766957119987
Senegal,second_half,-1.0581990185473698,1,-1.4217516392360399,-0.6413844646866527,-0.017090968384778832
Serbia,first_half,-1.2543016988679907e-4,0,0.8294399463913396,0.1555878477657621,0.005342402267975319
Serbia,second_half,0.005374720157068898,0,0.8078309757203528,0.27734115253024816,0.06520545607564388
Seychelles,first_half,0.4746855624861114,1,-0.9764290203432433,-0.3162360122387316,0.502947230376335
Seychelles,second_half,0.6086676980741271,1,-0.48613457136412175,0.3984735933816878,0.7502187250586816
Sierra Leone,first_half,-1.6612668298229294,1,-1.6506566743470956,-0.7751673342236315,-0.8667956188844765
Sierra Leone,second_half,-1.6949416702419469,1,-1.5585019286658242,-0.7751673342236315,-0.8596860338279699
Singapore,first_half,1.4555564523696312,1,0.6833249391032477,1.6082306503951127,2.0533975304415835
Singapore,second_half,1.5375462821494743,1,1.3879981100957341,1.5663991327852989,2.093336939642695
Slovak Republic,first_half,0.7024772828916092,0,0.5654067335951614,0.6266362401850649,0.5953734682989664
Slovak Republic,second_half,0.6974429975939621,0,0.2603549401909498,0.4625115768386603,0.6283484080512101
Slovenia,first_half,0.8961780334587758,1,1.33825099055252,1.0569720222462524,0.9597930129609633
Slovenia,second_half,0.8885401109866955,1,1.1129080765909405,0.9769047061292393,1.052836352546556
Solomon Islands,first_half,-0.7795475133173223,1,-0.9515142317861653,-0.4677933731726596,-0.8800260889042327
Solomon Islands,second_half,-0.6946264628371981,1,-0.9515142317861653,-0.4677933731726596,-0.4516954110065089
Somalia,first_half,-1.9511135256061634,1,-1.4150605402093306,-0.7751673342236315,-2.3214711844294365
Somalia,second_half,-1.8937465957685327,1,-1.4150605402093306,-0.7751673342236315,-2.26573765804846
South Africa,first_half,0.14667020602917225,1,-0.5702660411100732,-0.7888681538900626,0.28310794869807065
South Africa,second_half,0.008862835704064254,1,-0.2859462784997162,-0.7139214438319956,0.27210397031612965
South Sudan,first_half,-1.005688565269082,0,-1.8110606102065119,-0.4677933731726596,-1.7525023770756238
South Sudan,second_half,-1.1828010382092236,0,-2.0896886097640746,-0.4677933731726596,-2.164115077721783
Spain,first_half,1.0491926231021904,1,1.112897420823856,0.6025186544325325,1.0429231647156827
Spain,second_half,1.0072340594927505,1,1.1962132679724435,0.5429073708398644,1.0020766786259288
Sri Lanka,first_half,-0.43974834569703347,1,-0.13438327098295164,-1.350931675119726,-0.0959385162159821
Sri Lanka,second_half,-0.32639326112608663,1,-0.07453691212034924,-1.349418656452555,-0.11369008673664346
St. Kitts and Nevis,first_half,0.6494510481417407,1,1.2901829214577223,0.3984735933816878,0.6681373659975971
St. Kitts and Nevis,second_half,0.7808449037831579,1,1.3150481043896172,0.3984735933816878,0.38346811809380343
St. Lucia,first_half,0.24691235082286345,1,-0.35667506630674095,-0.3162360122387316,0.998266108663928
St. Lucia,second_half,0.36375282366762896,1,-0.4840321954725297,-0.3162360122387316,0.4706831146042927
St. Vincent and the Grenadines,first_half,0.008252978905516507,1,0.08453376085067613,-0.3162360122387316,0.8545300471671673
St. Vincent and the Grenadines,second_half,0.08371645810352166,1,-0.034345208204908106,-0.3162360122387316,0.5563072211287023
Sudan,first_half,-1.1158822537375273,1,-1.1982497313348262,-0.4677933731726596,-1.702790679432984
Sudan,second_half,-1.3180675614342179,1,-0.9898887852673736,-0.4677933731726596,-1.6304314074948896
Suriname,first_half,0.2277388682511016,1,-1.2303221922678955,-0.3162360122387316,-0.12902061489174846
Suriname,second_half,0.0585233901469945,1,-1.064343008234662,-0.3162360122387316,-0.199907088540748
Sweden,first_half,1.5084484824591686,1,1.0905690208961574,1.466095560328379,1.9382442542345184
Sweden,second_half,1.4383250201342368,1,1.1451236328745587,1.6245697096247897,1.8620873662058415
Switzerland,first_half,1.7739409827238959,0,0.5017804802677504,1.1453583080693441,1.9258888091672364
Switzerland,second_half,1.7594759943723317,0,0.46599082815948795,1.2454078223094913,2.0002379764515323
Syrian Arab Republic,first_half,-0.6487798286057572,1,-0.411592287720177,-0.4677933731726596,-1.0910242583843794
Syrian Arab Republic,second_half,-1.2551305056575834,1,0.024347860460915177,-1.3977479260869023,-1.751719195669386
Tajikistan,first_half,-1.305803406267751,0,-0.06469898481480982,-0.4677933731726596,-0.9929075148613555
Tajikistan,second_half,-1.351524124554667,0,-0.44458829470572087,-0.4677933731726596,-0.9858744495880598
Tanzania,first_half,-1.3529395398707402,1,-1.6248161831391101,-1.7119967778327876,-0.5152977124611846
Tanzania,second_half,-1.2540194240901692,1,-1.8183314185590724,-0.4677933731726596,-0.4981613239966874
Thailand,first_half,-0.07597626949645941,1,0.25857787014710076,-0.4315350458610037,0.04453313331728616
Thailand,second_half,0.03097333263406247,1,0.04724609050312295,-0.20701357429502293,0.09183735067277023
Timor-Leste,first_half,-1.2402726837400508,1,-1.0465178739792989,-0.4677933731726596,-0.864647946797799
Timor-Leste,second_half,-1.0509114486923399,1,-1.0388428665843885,-0.4677933731726596,-0.6334872348550173
Togo,first_half,-1.6188383452633435,1,-1.043495186852992,-1.6490238513118975,-0.9593543174411916
Togo,second_half,-1.4204753963378245,1,-1.358878813529476,-1.6219636509033464,-0.7896971012506644
Tonga,first_half,-0.289653871517757,1,0.25123860786645785,-0.3162360122387316,-0.2822498099245822
Tonga,second_half,-0.2330254705421561,1,0.1336184034076452,-0.3162360122387316,-0.061431500329256684
Trinidad and Tobago,first_half,0.7440035143621787,1,0.6833249391032477,0.3984735933816878,0.1335610004916932
Trinidad and Tobago,second_half,0.6617355008025501,1,0.6833249391032477,-0.6639051578710038,0.08636763766710723
Tunisia,first_half,-0.2463801113571546,1,0.07967563516593151,0.1245928322210299,0.030685715748425393
Tunisia,second_half,-0.35360124791756886,1,-0.2989036523687892,0.17208024841469094,-0.01767740478225608
Turkey,first_half,0.41536872538653113,1,0.36834714527692997,-0.19871726179250332,0.3914752792253997
Turkey,second_half,0.31923337568868965,1,1.1312736780380006,-0.11595292990019099,0.06794848418190748
Turkmenistan,first_half,-0.010061881216104717,0,-1.2342756419616987,-0.3162360122387316,-1.4947076790257539
Turkmenistan,second_half,0.04275437444525888,0,-1.136461941358514,-0.3162360122387316,-1.340168207970527
Tuvalu,first_half,-0.427205650839596,1,-0.6173340617249277,-0.3162360122387316,-0.6867318652208879
Tuvalu,second_half,-0.39904885845335275,1,-0.772585890017524,-0.3162360122387316,-0.7540831818741884
Uganda,first_half,-1.388768732563669,0,-1.5477073727052517,-1.665837669203569,-0.6377240114237841
Uganda,second_half,-1.4296338873288437,0,-1.7827032325812597,-0.4677933731726596,-0.696607072109387
Ukraine,first_half,-0.39066254752937507,1,0.9026679210172144,-0.10705766519398746,-0.7369499916445799
Ukraine,second_half,-0.5882146733014666,1,-0.9515142317861653,-0.28616244317473016,-0.521580194767822
United Arab Emirates,first_half,1.248189349457608,1,0.6833249391032477,0.3984735933816878,1.2337208587037602
United Arab Emirates,second_half,1.2624911505487542,1,0.5298471001632714,0.3381813917055615,1.41102524008627
United Kingdom,first_half,1.3016748754021497,1,0.9844604164340087,1.032622985828317,1.5395275447295969
United Kingdom,second_half,1.2971242877001465,1,0.9591278987171599,1.016364085093855,1.7350187431710182
United States,first_half,1.4228949147212646,1,1.1520990076236157,1.027688784181541,1.506301155196331
United States,second_half,1.5325408351808263,1,1.0688342048253148,0.9917448364541865,1.5188185202129239
Uruguay,first_half,0.5792249436355803,1,0.25944426229191647,-0.5402070426808774,0.9835213396447675
Uruguay,second_half,0.6853215010814637,1,0.6405543471641294,-0.5328443182011262,1.007049243494907
Uzbekistan,first_half,-0.7232469556575812,0,-0.2905340698008688,-0.644084590569371,-1.1062779310771882
Uzbekistan,second_half,-0.7554560120374404,0,-0.3690479139980248,-0.7139937075507,-0.8454465668090538
Vanuatu,first_half,-0.5176271104340164,1,-1.263338502300289,-0.4677933731726596,-0.2667212160180948
Vanuatu,second_half,-0.5214784185837178,1,-1.329815386350603,-0.4677933731726596,-0.2204486415840859
"Venezuela, RB",first_half,0.49325690575514197,1,-0.28936082476715735,-0.9841590772600242,-1.2271319051537373
Vietnam,first_half,-0.9069708659244163,1,-0.2885525569409415,-0.4942139520633666,-0.3503509656582685
Vietnam,second_half,-0.6715782668778194,1,-0.45337752984168617,-0.5231422087051047,-0.15098653681129126
Virgin Islands (U.S.),first_half,1.1928249121876704,1,0.6833249391032477,0.3984735933816878,1.3017988869371362
Virgin Islands (U.S.),second_half,1.1751502248867483,1,0.6833249391032477,0.3984735933816878,1.0713499411700285
West Bank and Gaza,first_half,-0.5077782353382804,1,0.34431166096408206,-0.747361598905767,-0.5501208366719689
West Bank and Gaza,second_half,-0.40249349882111246,1,0.2434013709415986,-0.3162360122387316,-0.5659036203497585
"Yemen, Rep.",first_half,-0.9922048659961042,1,-1.283041806391072,-0.4677933731726596,-1.2266195739830286
"Yemen, Rep.",second_half,-1.2086659150652816,1,-1.363609762821852,-0.4677933731726596,-1.8261886903031592
Zambia,first_half,-0.8954157749157139,0,-1.5654046490773723,-0.4677933731726596,-0.35116319580876987
Zambia,second_half,-1.0351675386861074,0,-0.9515142317861653,-0.4677933731726596,-0.39927047113735614
Zimbabwe,first_half,-1.1207079124820543,0,-1.340569034026032,-1.3679127024194333,-1.2636043612102976
Zimbabwe,second_half,-1.0606260452855718,0,-1.4679926349267485,-0.4677933731726596,-1.143551715065585
